titulo,precio,precio_num,pagina
A Light in the ...,£51.77,5177,1
Tipping the Velvet,£53.74,5374,1
Soumission,£50.10,5010,1
Sharp Objects,£47.82,4782,1
Sapiens: A Brief History ...,£54.23,5423,1
The Requiem Red,£22.65,2265,1
The Dirty Little Secrets ...,£33.34,3334,1
The Coming Woman: A ...,£17.93,1793,1
The Boys in the ...,£22.60,2260,1
The Black Maria,£52.15,5215,1
Starving Hearts (Triangular Trade ...,£13.99,1399,1
Shakespeare's Sonnets,£20.66,2066,1
Set Me Free,£17.46,1746,1
Scott Pilgrim's Precious Little ...,£52.29,5229,1
Rip it Up and ...,£35.02,3502,1
Our Band Could Be ...,£57.25,5725,1
Olio,£23.88,2388,1
Mesaerion: The Best Science ...,£37.59,3759,1
Libertarianism for Beginners,£51.33,5133,1
It's Only the Himalayas,£45.17,4517,1
In Her Wake,£12.84,1284,2
How Music Works,£37.32,3732,2
Foolproof Preserving: A Guide ...,£30.52,3052,2
Chase Me (Paris Nights ...,£25.27,2527,2
Black Dust,£34.53,3453,2
Birdsong: A Story in ...,£54.64,5464,2
America's Cradle of Quarterbacks: ...,£22.50,2250,2
Aladdin and His Wonderful ...,£53.13,5313,2
Worlds Elsewhere: Journeys Around ...,£40.30,4030,2
Wall and Piece,£44.18,4418,2
The Four Agreements: A ...,£17.66,1766,2
The Five Love Languages: ...,£31.05,3105,2
The Elephant Tree,£23.82,2382,2
The Bear and the ...,£36.89,3689,2
Sophie's World,£15.94,1594,2
Penny Maybe,£33.29,3329,2
Maude (1883-1993):She Grew Up ...,£18.02,1802,2
"In a Dark, Dark ...",£19.63,1963,2
Behind Closed Doors,£52.22,5222,2
You can't bury them ...,£33.63,3363,2
Slow States of Collapse: ...,£57.31,5731,3
Reasons to Stay Alive,£26.41,2641,3
Private Paris (Private #10),£47.61,4761,3
#HigherSelfie: Wake Up Your ...,£23.11,2311,3
Without Borders (Wanderlove #1),£45.07,4507,3
When We Collided,£31.77,3177,3
"We Love You, Charlie ...",£50.27,5027,3
Untitled Collection: Sabbath Poems ...,£14.27,1427,3
Unseen City: The Majesty ...,£44.18,4418,3
Unicorn Tracks,£18.78,1878,3
Unbound: How Eight Technologies ...,£25.52,2552,3
Tsubasa: WoRLD CHRoNiCLE 2 ...,£16.28,1628,3
Throwing Rocks at the ...,£31.12,3112,3
This One Summer,£19.49,1949,3
Thirst,£17.27,1727,3
The Torch Is Passed: ...,£19.09,1909,3
The Secret of Dreadwillow ...,£56.13,5613,3
The Pioneer Woman Cooks: ...,£56.41,5641,3
The Past Never Ends,£56.50,5650,3
The Natural History of ...,£45.22,4522,3
The Nameless City (The ...,£38.16,3816,4
The Murder That Never ...,£54.11,5411,4
The Most Perfect Thing: ...,£42.96,4296,4
The Mindfulness and Acceptance ...,£23.89,2389,4
The Life-Changing Magic of ...,£16.77,1677,4
The Inefficiency Assassin: Time ...,£20.59,2059,4
The Gutsy Girl: Escapades ...,£37.13,3713,4
The Electric Pencil: Drawings ...,£56.06,5606,4
The Death of Humanity: ...,£58.11,5811,4
The Bulletproof Diet: Lose ...,£49.05,4905,4
The Art Forger,£40.76,4076,4
The Age of Genius: ...,£19.73,1973,4
The Activist's Tao Te ...,£32.24,3224,4
Spark Joy: An Illustrated ...,£41.83,4183,4
Soul Reader,£39.58,3958,4
Security,£39.25,3925,4
"Saga, Volume 6 (Saga ...",£25.02,2502,4
"Saga, Volume 5 (Saga ...",£51.04,5104,4
Reskilling America: Learning to ...,£19.83,1983,4
"Rat Queens, Vol. 3: ...",£50.40,5040,4
"Princess Jellyfish 2-in-1 Omnibus, ...",£13.61,1361,5
Princess Between Worlds (Wide-Awake ...,£13.34,1334,5
"Pop Gun War, Volume ...",£18.97,1897,5
"Political Suicide: Missteps, Peccadilloes, ...",£36.28,3628,5
Patience,£10.16,1016,5
"Outcast, Vol. 1: A ...",£15.44,1544,5
orange: The Complete Collection ...,£48.41,4841,5
Online Marketing for Busy ...,£46.35,4635,5
On a Midnight Clear,£14.07,1407,5
Obsidian (Lux #1),£14.86,1486,5
My Paris Kitchen: Recipes ...,£33.37,3337,5
Masks and Shadows,£56.40,5640,5
Mama Tried: Traditional Italian ...,£14.02,1402,5
"Lumberjanes, Vol. 2: Friendship ...",£46.91,4691,5
"Lumberjanes, Vol. 1: Beware ...",£45.61,4561,5
Lumberjanes Vol. 3: A ...,£19.92,1992,5
"Layered: Baking, Building, and ...",£40.11,4011,5
Judo: Seven Steps to ...,£53.90,5390,5
Join,£35.67,3567,5
In the Country We ...,£22.00,2200,5
