titulo,precio,pagina
A Light in the Attic,5177,1
Tipping the Velvet,5374,1
Soumission,5010,1
Sharp Objects,4782,1
Sapiens: A Brief History of Humankind,5423,1
The Requiem Red,2265,1
The Dirty Little Secrets of Getting Your Dream Job,3334,1
"The Coming Woman: A Novel Based on the Life of the Infamous Feminist, Victoria Woodhull",1793,1
The Boys in the Boat: Nine Americans and Their Epic Quest for Gold at the 1936 Berlin Olympics,2260,1
The Black Maria,5215,1
"Starving Hearts (Triangular Trade Trilogy, #1)",1399,1
Shakespeare's Sonnets,2066,1
Set Me Free,1746,1
Scott Pilgrim's Precious Little Life (Scott Pilgrim #1),5229,1
Rip it Up and Start Again,3502,1
"Our Band Could Be Your Life: Scenes from the American Indie Underground, 1981-1991",5725,1
Olio,2388,1
Mesaerion: The Best Science Fiction Stories 1800-1849,3759,1
Libertarianism for Beginners,5133,1
It's Only the Himalayas,4517,1
In Her Wake,1284,2
How Music Works,3732,2
"Foolproof Preserving: A Guide to Small Batch Jams, Jellies, Pickles, Condiments, and More: A Foolproof Guide to Making Small Batch Jams, Jellies, Pickles, Condiments, and More",3052,2
Chase Me (Paris Nights #2),2527,2
Black Dust,3453,2
Birdsong: A Story in Pictures,5464,2
America's Cradle of Quarterbacks: Western Pennsylvania's Football Factory from Johnny Unitas to Joe Montana,2250,2
Aladdin and His Wonderful Lamp,5313,2
Worlds Elsewhere: Journeys Around Shakespeare’s Globe,4030,2
Wall and Piece,4418,2
The Four Agreements: A Practical Guide to Personal Freedom,1766,2
The Five Love Languages: How to Express Heartfelt Commitment to Your Mate,3105,2
The Elephant Tree,2382,2
The Bear and the Piano,3689,2
Sophie's World,1594,2
Penny Maybe,3329,2
Maude (1883-1993):She Grew Up with the country,1802,2
"In a Dark, Dark Wood",1963,2
Behind Closed Doors,5222,2
You can't bury them all: Poems,3363,2
Slow States of Collapse: Poems,5731,3
Reasons to Stay Alive,2641,3
Private Paris (Private #10),4761,3
#HigherSelfie: Wake Up Your Life. Free Your Soul. Find Your Tribe.,2311,3
Without Borders (Wanderlove #1),4507,3
When We Collided,3177,3
"We Love You, Charlie Freeman",5027,3
Untitled Collection: Sabbath Poems 2014,1427,3
"Unseen City: The Majesty of Pigeons, the Discreet Charm of Snails & Other Wonders of the Urban Wilderness",4418,3
Unicorn Tracks,1878,3
"Unbound: How Eight Technologies Made Us Human, Transformed Society, and Brought Our World to the Brink",2552,3
Tsubasa: WoRLD CHRoNiCLE 2 (Tsubasa WoRLD CHRoNiCLE #2),1628,3
Throwing Rocks at the Google Bus: How Growth Became the Enemy of Prosperity,3112,3
This One Summer,1949,3
Thirst,1727,3
The Torch Is Passed: A Harding Family Story,1909,3
The Secret of Dreadwillow Carse,5613,3
"The Pioneer Woman Cooks: Dinnertime: Comfort Classics, Freezer Food, 16-Minute Meals, and Other Delicious Ways to Solve Supper!",5641,3
The Past Never Ends,5650,3
The Natural History of Us (The Fine Art of Pretending #2),4522,3
The Nameless City (The Nameless City #1),3816,4
The Murder That Never Was (Forensic Instincts #5),5411,4
The Most Perfect Thing: Inside (and Outside) a Bird's Egg,4296,4
"The Mindfulness and Acceptance Workbook for Anxiety: A Guide to Breaking Free from Anxiety, Phobias, and Worry Using Acceptance and Commitment Therapy",2389,4
The Life-Changing Magic of Tidying Up: The Japanese Art of Decluttering and Organizing,1677,4
"The Inefficiency Assassin: Time Management Tactics for Working Smarter, Not Longer",2059,4
The Gutsy Girl: Escapades for Your Life of Epic Adventure,3713,4
The Electric Pencil: Drawings from Inside State Hospital No. 3,5606,4
The Death of Humanity: and the Case for Life,5811,4
"The Bulletproof Diet: Lose up to a Pound a Day, Reclaim Energy and Focus, Upgrade Your Life",4905,4
The Art Forger,4076,4
The Age of Genius: The Seventeenth Century and the Birth of the Modern Mind,1973,4
The Activist's Tao Te Ching: Ancient Advice for a Modern Revolution,3224,4
Spark Joy: An Illustrated Master Class on the Art of Organizing and Tidying Up,4183,4
Soul Reader,3958,4
Security,3925,4
"Saga, Volume 6 (Saga (Collected Editions) #6)",2502,4
"Saga, Volume 5 (Saga (Collected Editions) #5)",5104,4
Reskilling America: Learning to Labor in the Twenty-First Century,1983,4
"Rat Queens, Vol. 3: Demons (Rat Queens (Collected Editions) #11-15)",5040,4
"Princess Jellyfish 2-in-1 Omnibus, Vol. 01 (Princess Jellyfish 2-in-1 Omnibus #1)",1361,5
Princess Between Worlds (Wide-Awake Princess #5),1334,5
"Pop Gun War, Volume 1: Gift",1897,5
"Political Suicide: Missteps, Peccadilloes, Bad Calls, Backroom Hijinx, Sordid Pasts, Rotten Breaks, and Just Plain Dumb Mistakes in the Annals of American Politics",3628,5
Patience,1016,5
"Outcast, Vol. 1: A Darkness Surrounds Him (Outcast #1)",1544,5
orange: The Complete Collection 1 (orange: The Complete Collection #1),4841,5
Online Marketing for Busy Authors: A Step-By-Step Guide,4635,5
On a Midnight Clear,1407,5
Obsidian (Lux #1),1486,5
My Paris Kitchen: Recipes and Stories,3337,5
Masks and Shadows,5640,5
"Mama Tried: Traditional Italian Cooking for the Screwed, Crude, Vegan, and Tattooed",1402,5
"Lumberjanes, Vol. 2: Friendship to the Max (Lumberjanes #5-8)",4691,5
"Lumberjanes, Vol. 1: Beware the Kitten Holy (Lumberjanes #1-4)",4561,5
Lumberjanes Vol. 3: A Terrible Plan (Lumberjanes #9-12),1992,5
"Layered: Baking, Building, and Styling Spectacular Cakes",4011,5
Judo: Seven Steps to Black Belt (an Introductory Guide for Beginners),5390,5
Join,3567,5
In the Country We Love: My Family Divided,2200,5
